3d-business-man-character-with-speech-stock-illustration.jpg,0,37579
3d-man-speech-bubble.jpg,0,22492
biology protist notes.docx,0,14843
d-man-soap-bubbles-blows-big-image-white-background.jpg,0,76639
drivers_license__take_me_to_church_remix.mp3,10,1933321
English class seminar pages.pdf,3,616343
English final project.docx,0,16167
invoices template.xlsx,1,286589
math homework.docx,0,14091
math notes.pdf,6,1074596
Monthly budget.xlsx,0,26052
my stock portfolio.xlsx,0,91288
my taxes 2023.xlsx,28,5347551
SBI3U Animal Kingdom Note 2023.ppt,29,5519872
Senior week 11 notes.pdf,0,79232
Senior week 6 notes.pdf,0,70693
Senior week 9_10 notes.pdf,1,110240
set_fire_to_the_rain_-_adele.mp3,5,922578
snowfall_Sped_Up.mp3,9,1770409
stock-photo--d-man-with-speech-bubble-on-white-background.jpg,0,15625
stock-photo-extended-group-portrait-of-family-enjoying-day-in-park-54864964-2613439622.jpg,3,646703
stock-photo-happy-family-in-the-park.jpg,3,665625
